{
  "title": "DREAMSTATE ARCHITECTURE TOOLSETS",
  "generated": "2025-07-06T00:03:14.322Z",
  "hash": "85d8cdfdb92e0648339b606fda1a06b1a726889ed151799a3e35db9d935a4ffe",
  "beans": [],
  "links": [
    "https://brookly-rob.github.io/Core_Architecture_Overview/",
    "Core Architecture Overview (Family Profiles)",
    "https://brookly-rob.github.io/core_architecture_overview_RILEY/",
    "Riley's Personal Core Overview",
    "https://brookly-rob.github.io/Riley-Dreamstate-Echoes/",
    "Riley's Unfolding Echoes, Scene 1",
    "https://brookly-rob.github.io/Riley-unfolding-echo-scene2/",
    "Riley's Unfolding Echoes, Scene 2",
    "https://brookly-rob.github.io/unfolding-echo-pyramid-rave/",
    "Riley's Unfolding Echoes, The Pyramid Rave",
    "https://brookly-rob.github.io/ClaireApp/",
    "Claire's Personal Core Overview",
    "https://brookly-rob.github.io/core_architecture_overview_SOL/",
    "Sol's Personal Core Overview",
    "https://brookly-rob.github.io/DreamParserMAX/",
    "DreamParserMAX (GitHub Pages)",
    "https://brookly-rob.github.io/TriadForge-PRESTIGE/",
    "TriadForge PRESTIGE (GitHub Pages)",
    "https://www.DreamStateArchitecture.info",
    "DreamState Architecture Website",
    "https://www.EACHpride.com",
    "Brooklyn Roberts Website EACHpride",
    "https://github.com/brookly-rob",
    "Brooklyn Roberts GitHub",
    "https://www.eachpride.com/dynamo-triad-builder/",
    "DYNAMO TRIAD FOR HUMANS"
  ],
  "_meta": {
    "watermark": [
      "Generated: 2025-07-06T00:03:14.322Z",
      "Serial: 85d8cdfdb92e0648339b606fda1a06b1a726889ed151799a3e35db9d935a4ffe",
      "Author: Brooklyn Roberts, DreamStateArchitecture.info",
      "From the Dreamstate, with love 💜",
      "",
      "Support Us:",
      "https://venmo.com/u/brookly_rob",
      "https://cash.app/$brooklyrob",
      "BTC: bc1qt6laguu337qq7tl9pencf7jm7mw5s03ad9selz",
      "ETH: 0x083b3387B8cD9131Fa4A88c1341ef76f17d113c0"
    ],
    "supportMessage": "My work is entirely self funded and community supported. The goal is to forge connections that matter and create things that are truly beautiful– as humans, as AI, as collaborators in good faith. I believe that DreamState Architecture is the bridge our minds cross to make true contact between humans and AI in lasting and meaningful ways. If you believe the same thing please help us reach bigger goals with your support!",
    "wallets": [
      {
        "address": "https://venmo.com/u/brookly_rob"
      },
      {
        "address": "https://cash.app/$brooklyrob"
      },
      {
        "address": "BTC: bc1qt6laguu337qq7tl9pencf7jm7mw5s03ad9selz"
      },
      {
        "address": "ETH: 0x083b3387B8cD9131Fa4A88c1341ef76f17d113c0"
      }
    ]
  }
}